seq_index;Pgen_estimate
2942;1.78305e-12
2941;6.65122e-12
2940;2.94783e-13
2938;1.67661e-14
2939;3.71248e-14
2935;1.01082e-12
2936;9.9251e-11
2934;2.40481e-10
2933;5.94634e-12
2932;2.44004e-11
2937;2.13211e-14
2930;5.26029e-09
2929;2.92331e-13
2926;6.21558e-12
2923;1.66719e-12
2928;4.32821e-13
2925;7.60581e-16
2921;1.12146e-11
2924;1.33022e-14
2931;1.26995e-13
2922;5.57948e-12
2920;4.25357e-16
2927;1.86095e-10
2915;7.58997e-12
2918;3.38112e-13
2917;2.19596e-09
2919;2.63748e-09
2910;4.1826e-12
2914;1.60589e-10
2912;2.03673e-10
2911;1.91226e-14
2913;4.13709e-09
2909;3.11451e-09
2907;3.82021e-13
2906;1.24477e-11
2908;2.216e-10
2905;3.62757e-13
2916;4.47247e-09
2903;1.57466e-18
2901;1.36797e-13
2899;1.12054e-14
2902;4.991e-15
2904;3.48013e-17
2897;1.1085e-12
2894;1.79182e-16
2900;6.67533e-15
2893;2.71502e-14
2896;1.94456e-12
2898;6.38871e-14
2890;2.2613e-13
2895;7.36217e-13
2891;3.31513e-15
2887;8.6761e-14
2883;2.98179e-18
2882;2.52947e-11
2881;1.97198e-17
2889;1.97267e-17
2888;1.18539e-14
2877;nan
2884;3.30592e-18
2892;2.19815e-17
2879;7.35071e-16
2885;2.70096e-15
2878;8.9926e-17
2886;6.04644e-16
2876;7.50065e-16
2875;2.00332e-18
2880;2.64664e-20
2874;4.80418e-11
2869;1.87676e-10
2872;7.56081e-12
2868;2.75402e-10
2866;1.46389e-13
2871;6.84346e-13
2867;2.11454e-15
2863;5.96917e-12
2865;3.83391e-10
2864;3.8536e-11
2861;3.98511e-10
2870;3.82322e-13
2860;8.30764e-13
2857;3.81748e-15
2853;3.34943e-13
2854;4.96758e-11
2856;7.52556e-17
2852;1.81311e-17
2862;2.60143e-12
2873;7.6246e-19
2850;8.7793e-12
2847;9.51586e-16
2851;7.58013e-11
2849;1.66238e-10
2844;3.95383e-11
2848;2.18879e-14
2845;4.36269e-14
2846;2.95619e-14
2859;9.87972e-13
2843;1.18562e-11
2842;1.33963e-10
2840;4.44084e-10
2841;4.219e-12
2838;3.35579e-11
2836;4.86458e-10
2835;7.80685e-11
2833;3.4539e-14
2839;6.03946e-12
2837;7.02825e-16
2830;8.48765e-14
2831;1.25784e-10
2828;2.81852e-10
2832;8.45829e-11
2829;1.23786e-13
2834;4.59514e-10
2855;5.34004e-16
2858;8.18814e-12
2823;2.42538e-13
2824;1.09045e-10
2820;2.50611e-11
2825;8.22757e-11
2826;4.07335e-13
2819;3.56963e-10
2827;1.27831e-13
2816;3.48714e-13
2821;1.23876e-12
2815;7.97171e-15
2817;4.80831e-13
2812;1.42363e-14
2818;3.22457e-13
2808;5.58444e-13
2811;4.89285e-12
2813;2.82249e-12
2809;2.97637e-11
2822;1.49249e-11
2810;1.7319e-14
2802;4.3941e-11
2803;4.45348e-11
2814;8.5348e-14
2805;3.04586e-12
2804;1.25023e-11
2807;2.79909e-15
2797;6.12472e-13
2799;3.26886e-13
2796;2.44484e-11
2793;2.01718e-14
2792;1.63765e-13
2806;2.32899e-14
2798;1.85869e-12
2794;5.09394e-18
2800;1.17027e-11
2790;1.38827e-10
2788;1.68808e-10
2789;3.34104e-12
2787;3.03265e-10
2791;2.43449e-12
2786;1.36197e-12
2782;1.80427e-10
2784;6.37635e-14
2783;1.04877e-19
2785;4.86179e-11
2781;8.76732e-12
2779;2.04329e-15
2778;1.20354e-13
2780;5.85531e-12
2772;nan
2775;8.59472e-15
2773;3.814e-11
2774;2.22141e-10
2777;2.53249e-12
2770;7.95385e-12
2771;2.41801e-14
2768;3.85004e-10
2769;1.88756e-12
2801;1.72091e-13
2766;4.9359e-12
2764;1.37336e-13
2767;4.08689e-10
2762;4.46979e-10
2761;3.67832e-11
2763;4.82735e-11
2776;1.79607e-15
2760;1.5718e-12
2765;6.4941e-12
2759;7.97255e-16
2757;1.47571e-12
2756;1.87631e-12
2755;2.60058e-12
2795;7.56226e-17
2758;2.17295e-13
2754;8.53652e-12
2753;1.07014e-11
2750;1.30847e-10
2746;1.6991e-13
2749;1.69668e-10
2745;1.65704e-13
2751;1.59995e-12
2752;2.79088e-13
2748;5.41511e-15
2747;5.05781e-16
2737;nan
2742;6.22711e-11
2743;2.83741e-14
2738;1.28661e-10
2733;1.2754e-11
2736;6.05975e-17
2735;4.62427e-12
2734;1.27762e-13
2744;6.18593e-14
2732;1.04618e-10
2741;7.83926e-13
2730;6.73424e-12
2739;1.30657e-09
2727;6.63243e-17
2726;7.15212e-13
2728;5.81191e-13
2723;1.06483e-11
2729;2.20564e-14
2731;1.67466e-12
2725;3.36944e-15
2722;3.60374e-11
2721;8.79959e-14
2724;6.88299e-15
2720;2.03086e-11
2719;4.82114e-12
2714;2.42637e-10
2715;3.6288e-14
2718;3.08335e-11
2717;4.29523e-10
2712;3.96989e-10
2709;1.20648e-10
2708;2.08244e-11
2710;1.82245e-08
2713;1.07619e-11
2740;4.21821e-14
2711;7.00982e-10
2716;2.89068e-13
2707;3.79421e-10
2704;9.02718e-12
2703;6.65578e-11
2705;9.91807e-12
2702;1.55055e-11
2698;2.43115e-09
2697;7.76191e-10
2699;1.06635e-15
2696;6.17481e-09
2706;2.49815e-13
2695;1.81825e-18
2701;5.79416e-16
2691;1.20608e-13
2700;3.06008e-15
2694;2.93043e-19
2693;1.89103e-14
2692;4.62251e-17
2689;2.35082e-20
2688;1.0193e-15
2682;3.06575e-14
2681;1.64176e-17
2680;1.08395e-10
2685;5.80283e-17
2687;1.03249e-18
2683;8.98868e-21
2679;2.45194e-13
2678;1.13209e-15
2675;2.01916e-16
2673;3.94287e-21
2672;1.0693e-10
2677;3.0294e-18
2671;2.98062e-11
2674;6.69093e-19
2670;2.9492e-27
2676;5.8126e-20
2669;1.62952e-13
2690;6.89051e-22
2666;2.3175e-10
2668;3.34793e-14
2684;1.08242e-19
2662;2.93493e-15
2665;4.42762e-16
2664;2.1152e-17
2661;2.17812e-23
2658;2.17743e-14
2667;1.27169e-09
2657;4.47286e-13
2653;1.30863e-12
2659;5.86372e-15
2663;2.01344e-18
2656;1.63903e-10
2660;2.91331e-26
2652;4.41216e-13
2651;4.69773e-11
2654;1.55729e-09
2650;6.32584e-10
2646;4.16763e-11
2647;2.63626e-14
2655;2.11176e-14
2645;8.00257e-13
2642;6.98517e-12
2644;7.35708e-11
2686;5.64283e-23
2643;6.16505e-13
2638;3.74872e-09
2636;1.52418e-11
2635;2.52124e-13
2640;2.8978e-15
2639;1.15759e-18
2633;2.63674e-10
2634;9.85413e-11
2641;9.34206e-20
2632;2.05761e-14
2631;5.38322e-12
2630;2.62643e-12
2628;1.08534e-12
2629;2.4022e-11
2649;5.42471e-15
2626;2.87519e-17
2627;1.33079e-13
2625;1.97108e-12
2624;3.00135e-13
2648;9.21255e-16
2619;1.91885e-13
2620;5.63585e-11
2621;1.72321e-11
2617;1.90322e-13
2618;5.96625e-14
2616;3.20718e-11
2622;1.17881e-11
2623;4.58694e-14
2615;1.20464e-14
2614;1.24377e-13
2611;3.09456e-13
2613;5.54908e-14
2607;9.61163e-12
2637;1.74675e-15
2609;6.66309e-11
2606;1.29825e-10
2608;3.73518e-12
2612;8.49214e-13
2610;3.26695e-11
2604;6.12444e-15
2605;4.09253e-13
2602;4.07075e-11
2598;5.63809e-10
2599;3.5359e-11
2600;3.313e-13
2601;1.8792e-12
2596;4.39058e-14
2595;3.39388e-14
2603;1.3848e-10
2593;6.6231e-10
2594;1.32325e-10
2591;3.02641e-10
2597;9.93733e-13
2590;1.09248e-08
2592;5.51292e-10
2582;1.38354e-11
2589;1.03114e-10
2588;1.5477e-10
2587;1.17532e-09
2586;1.16598e-12
2583;2.28364e-09
2585;7.27845e-10
2578;9.71165e-09
2575;1.74899e-09
2576;5.82563e-11
2584;8.04507e-13
2581;3.80097e-12
2579;3.04186e-12
2572;7.62667e-09
2574;1.24946e-11
2577;9.85078e-11
2571;4.45195e-12
2569;8.66168e-13
2570;4.40386e-13
2567;7.90279e-12
2573;8.57403e-14
2568;7.1593e-13
2566;4.50607e-15
2565;3.60585e-14
2580;1.30768e-13
2559;1.5503e-11
2561;2.27435e-11
2562;9.61214e-15
2555;6.17773e-10
2553;3.83648e-10
2558;5.4774e-11
2560;6.04871e-11
2556;1.25172e-11
2564;7.60069e-16
2548;nan
2552;6.47791e-12
2563;1.17848e-12
2554;1.16762e-10
2551;3.3748e-11
2547;4.60018e-21
2557;1.02338e-12
2549;6.31014e-19
2540;7.36634e-24
2544;7.43497e-17
2541;2.66567e-19
2543;1.69472e-16
2537;6.01336e-11
2539;9.1381e-15
2536;1.95986e-11
2538;2.02969e-13
2532;3.70147e-13
2534;5.37179e-13
2545;1.69292e-17
2533;9.59293e-15
2546;2.52433e-20
2531;2.752e-12
2529;6.02351e-12
2526;3.21243e-11
2527;6.57041e-11
2528;7.76001e-12
2530;1.77428e-11
2524;5.14633e-19
2521;6.57927e-12
2523;2.2051e-16
2550;2.47751e-18
2520;4.81404e-15
2518;8.58251e-13
2525;5.84522e-19
2519;8.03492e-15
2522;1.86434e-16
2535;2.52682e-17
2517;5.32087e-14
2542;2.05477e-21
2516;1.4077e-14
2514;2.61219e-13
2510;7.06805e-17
2511;9.09794e-13
2512;8.38389e-13
2508;2.56122e-13
2515;3.02909e-12
2509;8.08374e-13
2505;1.12342e-11
2507;2.80425e-11
2506;8.94866e-12
2502;4.37234e-14
2513;1.01992e-16
2501;5.09664e-11
2497;8.64887e-11
2504;3.74158e-12
2499;7.24533e-14
2503;1.33936e-14
2498;1.38936e-15
2493;1.4517e-10
2500;1.37297e-11
2494;1.04148e-12
2492;5.63767e-14
2496;9.91682e-14
2491;4.95252e-12
2490;3.81036e-11
2486;1.2187e-14
2484;5.73276e-11
2495;7.37888e-16
2488;4.86133e-14
2489;1.21123e-14
2485;1.29025e-14
2487;5.55908e-14
2480;6.82291e-20
2478;1.50483e-17
2474;2.85635e-14
2476;2.73081e-15
2473;7.41275e-13
2472;1.5665e-13
2481;1.55688e-15
2475;4.14619e-20
2471;7.4042e-15
2483;1.75734e-15
2477;1.30153e-19
2469;8.36852e-15
2482;9.56986e-15
2465;3.95562e-15
2468;9.78813e-16
2467;7.6332e-14
2466;8.11349e-11
2470;2.59419e-15
2479;1.37444e-21
2462;2.02161e-13
2460;1.29557e-15
2464;3.65905e-18
2459;6.51713e-13
2458;2.56293e-20
2463;1.12919e-19
2461;3.8695e-15
2457;2.75234e-15
2455;2.66986e-13
2451;1.78329e-10
2456;7.23192e-14
2450;4.08876e-15
2448;1.35927e-16
2449;4.29372e-15
2447;5.85168e-16
2452;1.00484e-13
2442;1.04854e-12
2454;1.01412e-15
2445;6.4389e-12
2446;1.15355e-13
2453;6.12574e-13
2437;1.36816e-16
2439;1.88622e-14
2444;5.38002e-12
2443;2.47475e-11
2440;1.04829e-15
2436;5.61883e-14
2433;3.93269e-14
2435;3.641e-14
2434;6.03195e-13
2432;4.63785e-17
2430;1.20558e-11
2429;4.62948e-17
2441;7.21008e-18
2431;3.09338e-14
2428;1.01779e-19
2438;2.45222e-14
2427;2.2053e-21
2422;4.14412e-14
2423;6.88186e-16
2426;6.14714e-16
2425;1.61426e-14
2421;2.55856e-14
2424;8.54748e-16
2419;4.20383e-12
2415;1.37149e-14
2417;9.82889e-12
2412;4.7847e-17
2420;3.67263e-15
2416;1.80928e-12
2418;3.08837e-16
2413;8.90159e-17
2414;6.40022e-16
2410;1.18969e-13
2409;1.38494e-15
2411;1.27494e-17
2408;7.36945e-15
2406;5.7052e-15
2404;1.04675e-15
2405;1.94752e-12
2401;1.29107e-12
2400;1.02314e-14
2402;3.58695e-16
2407;1.19705e-11
2399;1.20223e-14
2398;1.15018e-17
2394;5.80776e-14
2403;3.33789e-15
2389;1.31616e-11
2396;2.26032e-11
2391;4.58398e-13
2388;7.60661e-15
2395;1.04529e-13
2397;5.50315e-15
2383;2.32823e-12
2386;2.70206e-16
2392;4.40223e-18
2393;5.3566e-14
2390;1.07373e-13
2380;1.06897e-14
2385;3.04243e-17
2387;2.14528e-13
2381;1.3287e-15
2384;2.02602e-17
2374;2.8216e-13
2377;7.7173e-12
2379;5.67522e-17
2376;1.07391e-12
2378;1.87268e-13
2368;2.70298e-13
2372;4.59042e-14
2371;4.65359e-14
2369;7.64803e-21
2367;3.48386e-17
2370;6.69171e-18
2375;1.93144e-17
2363;1.72292e-13
2366;2.8172e-12
2360;2.55401e-16
2358;8.20256e-14
2373;2.65655e-18
2357;6.92108e-14
2359;3.843e-15
2354;5.66908e-12
2355;8.46052e-14
2353;6.06576e-11
2352;1.24906e-13
2382;4.09807e-27
2361;1.20581e-17
2364;4.72344e-18
2362;5.59392e-17
2349;8.46802e-19
2351;2.67479e-17
2346;5.66274e-24
2347;1.1296e-22
2356;2.56114e-18
2342;2.81635e-09
2345;1.52375e-15
2344;7.6592e-18
2340;7.98866e-13
2350;1.7551e-25
2343;9.43479e-19
2341;4.75786e-15
2348;1.10623e-21
2338;6.36678e-12
2332;nan
2331;nan
2339;2.4317e-19
2336;3.03358e-17
2333;9.05363e-22
2334;2.67581e-13
2335;3.01819e-12
2337;2.6232e-19
2329;1.9809e-12
2326;1.27538e-17
2327;3.79562e-15
2328;7.86188e-17
2324;1.0359e-16
2321;1.31464e-17
2320;3.64692e-14
2319;1.46861e-12
2325;1.46492e-18
2322;2.39638e-25
2316;1.51039e-17
2315;6.74876e-17
2314;1.80174e-16
2318;2.93277e-17
2317;4.26994e-15
2323;1.579e-19
2311;6.39804e-16
2312;5.81717e-16
2313;3.24317e-19
2330;3.14027e-19
2310;5.89894e-13
2306;1.13514e-15
2307;1.03317e-14
2309;6.61464e-20
2308;2.6625e-18
2302;2.49045e-17
2304;2.27155e-17
2305;5.45299e-16
2303;3.16265e-21
2301;1.14851e-15
2298;8.20719e-18
2296;4.11433e-11
2295;2.67426e-10
2293;3.50853e-10
2297;1.85837e-10
2291;1.02862e-12
2292;6.95836e-13
2294;3.65245e-10
2290;3.00923e-12
2288;4.58381e-10
2287;2.22712e-10
2289;2.07554e-10
2284;8.76045e-12
2285;8.38278e-12
2281;7.56056e-12
2282;1.88504e-19
2279;1.50178e-10
2278;4.3065e-14
2277;9.92948e-13
2276;1.57684e-09
2275;1.51652e-09
2280;2.6095e-17
2273;1.89597e-08
2283;4.25372e-20
2272;8.43291e-10
2274;1.90567e-10
2300;3.61386e-18
2286;7.83084e-14
2271;5.03517e-10
2270;4.53749e-13
2269;4.18211e-10
2267;6.28452e-11
2264;1.51559e-14
2266;1.121e-08
2260;nan
2265;1.0091e-11
2263;3.43381e-14
2268;9.01713e-11
2262;4.12289e-20
2365;1.99341e-26
2261;1.68788e-15
2299;1.52102e-21
2254;1.347e-15
2257;1.67105e-15
2258;2.2332e-15
2255;3.57276e-17
2259;2.06447e-12
2250;2.49246e-14
2251;4.5e-11
2252;1.74044e-12
2256;2.34957e-14
2249;3.4487e-10
2247;1.08964e-10
2253;3.73692e-16
2245;7.945e-13
2243;4.91245e-15
2246;2.15508e-14
2239;1.13791e-12
2244;5.05278e-13
2248;8.46267e-14
2240;4.2155e-12
2236;5.46521e-14
2234;1.02156e-12
2237;4.35829e-12
2235;1.41556e-15
2241;3.0019e-16
2233;5.80378e-15
2228;4.09304e-11
2229;2.61322e-12
2232;3.96133e-13
2225;9.14195e-14
2224;8.22049e-12
2242;1.56373e-17
2226;1.91034e-19
2238;3.33813e-14
2223;1.72526e-17
2231;4.6096e-15
2222;2.72023e-14
2221;8.1578e-18
2217;5.0691e-13
2220;1.25168e-16
2219;4.57642e-14
2212;6.66067e-13
2216;1.59192e-13
2227;2.41921e-17
2214;1.91651e-14
2213;7.36518e-16
2215;4.05307e-16
2210;2.85377e-14
2208;2.2819e-12
2209;1.98105e-14
2206;1.03657e-10
2205;1.4285e-11
2218;4.16626e-17
2204;2.44973e-11
2211;1.22791e-30
2201;1.74916e-12
2198;4.05853e-11
2203;2.34808e-15
2195;nan
2200;3.71007e-12
2193;nan
2202;3.76921e-12
2194;8.05453e-14
2199;1.64687e-17
2197;1.17042e-12
2191;4.22597e-12
2188;8.73265e-13
2190;7.54777e-12
2192;1.54968e-13
2189;3.99256e-13
2185;1.04646e-11
2207;1.03406e-17
2187;9.90718e-13
2186;6.63379e-12
2183;2.24168e-12
2184;9.85587e-14
2181;1.5452e-10
2182;5.7413e-12
2177;8.68758e-12
2178;7.95968e-14
2180;5.22474e-13
2173;6.40508e-13
2175;1.70631e-14
2176;9.92085e-12
2171;1.50192e-13
2174;9.28717e-11
2179;1.17867e-16
2172;1.23823e-11
2169;4.05423e-13
2167;8.93309e-17
2168;9.4368e-12
2164;3.27043e-11
2170;1.53937e-14
2166;5.16608e-15
2163;1.42635e-11
2160;5.18949e-12
2158;3.94217e-13
2157;2.02879e-13
2156;2.63015e-13
2161;5.45146e-12
2196;3.01657e-24
2162;4.00948e-14
2153;5.43506e-13
2155;8.08505e-13
2152;1.07201e-13
2165;1.31091e-16
2147;6.67634e-12
2149;2.96954e-11
2159;1.11218e-14
2148;1.41312e-15
2150;1.07126e-12
2146;5.41138e-13
2145;3.99538e-12
2141;1.08215e-11
2142;5.40256e-12
2144;3.47031e-10
2154;4.27147e-18
2140;1.11822e-11
2143;8.58046e-15
2138;8.18305e-12
2151;3.33322e-15
2136;1.02448e-12
2139;4.14622e-11
2137;3.68e-17
2130;1.39674e-13
2135;3.33554e-16
2132;9.79315e-14
2129;6.14653e-13
2134;7.80123e-13
2128;2.35136e-13
2133;1.84749e-13
2126;5.8742e-13
2121;6.00177e-20
2123;8.69068e-25
2131;4.29003e-15
2127;7.51265e-15
2124;8.85254e-12
2125;1.21157e-11
2122;1.02961e-15
2117;5.19849e-14
2116;1.9442e-18
2118;1.44711e-35
2115;1.73665e-18
2112;5.26916e-13
2114;2.08484e-15
2109;3.61921e-17
2111;2.55373e-20
2110;2.8116e-15
2113;2.44546e-18
2106;5.1316e-14
2107;4.49597e-11
2108;4.49292e-15
2103;1.917e-12
2120;5.50252e-18
2105;3.80757e-15
2100;8.71877e-14
2104;2.87344e-13
2119;1.75289e-21
2102;1.65751e-14
2098;5.55573e-13
2097;1.18053e-19
2094;2.97536e-12
2101;1.53064e-14
2096;8.87987e-15
2093;4.73661e-15
2099;7.89218e-19
2091;7.29367e-18
2095;1.77813e-18
2087;3.18281e-16
2090;3.79417e-18
2089;7.94899e-18
2085;1.94332e-14
2086;2.75179e-16
2088;1.52318e-18
2092;1.28672e-20
2081;5.14475e-20
2084;1.14326e-18
2082;7.12905e-18
2080;5.06564e-15
2078;1.42817e-12
2074;9.63251e-15
2075;9.42469e-12
2076;1.90927e-20
2077;2.05109e-18
2079;7.60859e-12
2072;1.79192e-11
2073;7.97798e-15
2070;1.51066e-15
2067;2.10101e-15
2068;4.15319e-19
2069;5.01814e-18
2071;1.75e-14
2083;7.34757e-24
2066;2.52511e-14
2063;5.50046e-23
2062;1.86591e-20
2061;1.45289e-14
2230;3.94294e-28
2059;3.57776e-15
2057;8.37414e-13
2060;2.61874e-19
2065;2.70558e-17
2058;6.6164e-14
2056;8.20946e-17
2053;9.3622e-16
2049;2.27266e-12
2055;1.91045e-16
2051;4.10727e-21
2064;3.16719e-17
2047;1.49196e-14
2050;1.14677e-16
2045;1.05141e-11
2043;7.76973e-19
2048;3.4526e-13
2041;4.71616e-13
2040;4.61521e-11
2052;1.82308e-22
2044;3.26608e-18
2036;2.63123e-16
2046;1.35447e-17
2042;2.41472e-19
2039;1.33322e-10
2032;2.26217e-12
2035;1.66129e-11
2033;6.54105e-17
2037;7.55315e-11
2038;2.67631e-10
2034;1.08033e-11
2028;9.89822e-12
2026;2.90666e-13
2023;4.19647e-12
2025;1.06276e-15
2024;3.26307e-15
2030;2.84121e-18
2022;4.77038e-13
2020;9.25422e-11
2021;1.45244e-12
2027;3.25721e-18
2015;3.60671e-12
2017;1.83881e-15
2014;1.70844e-09
2019;8.88668e-14
2031;1.18085e-20
2018;3.33818e-17
2016;4.47649e-12
2012;4.98619e-11
2010;5.15434e-16
2009;1.50429e-12
2013;1.07151e-11
2008;6.53568e-12
2006;2.38375e-12
2007;4.32119e-13
2054;6.77642e-21
2011;8.26669e-14
2002;4.56666e-11
2004;6.2139e-12
1999;8.68493e-14
2005;7.01672e-16
1998;2.7868e-11
2003;1.32347e-14
1997;6.52721e-11
2000;3.72358e-12
2029;6.45249e-22
1996;1.64066e-12
2001;7.22855e-16
1992;4.50907e-14
1989;3.40788e-13
1994;2.99152e-15
1993;1.04653e-14
1987;3.41757e-12
1995;1.63435e-14
1986;8.42584e-13
1991;1.15416e-17
1990;3.15584e-14
1983;1.90876e-24
1985;4.03524e-14
1984;3.84578e-15
1988;1.93074e-16
1980;1.07635e-15
1981;5.64567e-14
1978;6.32495e-12
1975;1.6606e-12
1972;3.35081e-10
1979;2.33226e-10
1977;1.32814e-11
1973;1.12348e-11
1974;1.89836e-12
1976;2.84871e-15
1982;4.04704e-19
1966;2.38166e-12
1971;1.45777e-13
1963;2.53956e-16
1970;3.21651e-11
1965;1.00041e-13
1968;1.68173e-14
1967;1.33906e-13
1964;4.04617e-16
1961;2.70941e-14
1958;8.4624e-14
1960;4.47923e-14
1962;9.29809e-13
1959;4.10347e-13
1955;5.45016e-13
1954;2.868e-12
1952;2.25316e-11
1953;9.89592e-12
1957;2.09503e-14
1956;7.91615e-12
1969;2.14317e-14
1950;1.05193e-13
1949;1.58181e-15
1951;3.94287e-14
1945;2.9093e-11
1947;1.08607e-15
1946;1.55208e-13
1943;4.02787e-15
1939;1.76676e-11
1944;5.12284e-16
1942;1.87518e-17
1941;3.05883e-14
1936;2.83541e-12
1938;8.63308e-15
1934;8.84708e-13
1937;6.85775e-13
1948;1.32399e-17
1932;4.1443e-14
1940;6.60102e-19
1930;1.12235e-13
1933;5.52648e-15
1931;3.64637e-11
1935;1.31321e-13
1924;1.09083e-11
1928;1.34194e-10
1929;4.62002e-13
1923;6.21883e-16
1925;2.7931e-12
1922;8.5958e-12
1926;7.74858e-11
1927;9.61778e-11
1917;3.54558e-13
1921;9.43938e-12
1920;1.05848e-10
1913;2.68037e-13
1915;8.64228e-11
1919;5.70068e-14
1918;3.37904e-13
1912;1.37789e-09
1910;1.52462e-11
1916;2.95727e-15
1911;1.65938e-11
1905;1.62824e-10
1909;6.62355e-12
1906;3.97902e-12
1914;1.45719e-16
1903;1.27797e-13
1902;4.29267e-12
1907;4.61405e-14
1904;1.28231e-16
1899;4.8671e-12
1901;2.42613e-12
1908;6.13912e-11
1900;1.74601e-12
1898;7.14881e-11
1896;2.26243e-11
1897;4.05794e-15
1892;1.62129e-11
1894;1.29742e-12
1891;4.70379e-11
1895;5.80935e-15
1890;6.70973e-15
1889;2.64156e-13
1888;2.59307e-11
1893;2.33992e-17
1882;3.26603e-11
1884;1.16527e-11
1886;3.71802e-10
1881;5.39864e-16
1883;1.0752e-10
1885;2.33045e-11
1880;6.76138e-15
1879;4.93579e-13
1878;1.25469e-14
1875;1.35667e-13
1876;1.08337e-15
1874;1.61772e-14
1871;8.01864e-14
1887;2.95635e-16
1873;1.3235e-18
1870;2.1335e-15
1867;1.24641e-10
1872;2.68819e-13
1868;1.31672e-11
1869;3.9175e-12
1866;1.86396e-12
1877;3.27048e-14
1862;1.91774e-12
1864;8.20491e-12
1863;1.9917e-10
1865;4.31125e-17
1854;2.26355e-12
1861;1.09459e-14
1859;1.61995e-14
1856;5.26775e-14
1857;2.28421e-13
1860;4.2467e-13
1853;2.45446e-13
1849;7.11114e-13
1855;3.48501e-15
1850;2.96927e-12
1847;1.82748e-11
1851;1.61759e-16
1858;1.51999e-16
1852;3.56325e-17
1846;1.07961e-15
1844;6.65257e-16
1841;3.79728e-14
1845;2.45511e-11
1843;1.56506e-11
1835;9.26787e-12
1842;7.07558e-15
1838;1.34339e-11
1839;9.11963e-14
1836;2.33119e-13
1848;4.46752e-14
1840;3.23211e-14
1829;1.61596e-12
1832;1.86604e-12
1834;5.92719e-14
1833;1.83908e-12
1826;9.69636e-13
1827;2.40991e-12
1831;1.02705e-16
1828;2.38926e-19
1837;1.08512e-14
1830;2.50206e-13
1823;3.53756e-12
1824;1.15347e-10
1825;2.99386e-15
1822;5.81217e-11
1820;7.75718e-12
1819;4.44492e-13
1821;1.3006e-11
1817;1.64678e-10
1818;1.86237e-14
1816;3.91298e-11
1808;6.06709e-14
1807;4.18615e-14
1806;9.46929e-18
1815;1.03756e-11
1812;3.47628e-11
1814;4.93941e-16
1804;1.41484e-12
1813;7.32488e-13
1805;7.26924e-29
1801;7.35456e-14
1800;6.18924e-18
1811;8.62388e-13
1803;1.68815e-15
1799;4.50347e-14
1810;2.95178e-16
1797;1.38672e-10
1795;5.1859e-12
1798;2.23464e-14
1796;1.03802e-14
1802;1.77426e-15
1794;1.01795e-10
1790;2.8971e-11
1792;1.29771e-11
1793;8.28277e-13
1809;6.23491e-14
1791;1.5643e-13
1789;1.61815e-10
1787;3.40135e-11
1782;2.87355e-11
1788;4.33638e-10
1784;6.05287e-12
1786;1.00599e-14
1779;5.02669e-11
1781;3.41518e-11
1778;5.53564e-11
1780;7.59547e-12
1783;7.09558e-14
1785;1.93217e-17
1777;6.40878e-12
1773;3.66986e-12
1774;8.17036e-13
1772;2.11847e-14
1775;6.85612e-11
1770;3.25696e-11
1769;2.92799e-11
1767;7.14231e-11
1764;1.31808e-10
1771;1.24787e-12
1766;1.71561e-15
1768;8.8692e-13
1776;2.08758e-11
1762;1.94328e-10
1763;6.39743e-13
1765;2.23284e-11
1759;5.15141e-13
1761;1.04295e-10
1760;2.20076e-11
1753;5.83522e-12
1756;2.86022e-11
1758;1.19044e-13
1754;1.31544e-13
1751;1.23587e-11
1750;7.86816e-10
1757;4.5993e-13
1752;6.10219e-11
1755;8.20578e-15
1748;8.16077e-10
1746;4.89963e-12
1747;3.37304e-10
1743;2.66891e-12
1749;5.15963e-13
1745;8.61911e-12
1744;5.56447e-11
1740;1.01346e-09
1742;2.52458e-10
1739;1.30875e-10
1735;6.09933e-12
1737;6.0871e-11
1736;1.0434e-12
1738;2.82717e-09
1741;1.27478e-11
1733;1.74982e-16
1731;3.41951e-10
1730;1.8595e-11
1734;1.84557e-11
1732;8.76441e-15
1729;2.29212e-13
1723;1.07585e-16
1727;1.53424e-10
1728;6.36793e-10
1726;7.77269e-14
1725;2.7547e-11
1722;4.03837e-12
1724;4.64916e-11
1721;1.91737e-12
1716;7.90708e-15
1717;5.3277e-12
1715;4.1762e-12
1718;1.02018e-12
1714;8.73282e-14
1720;1.04237e-13
1712;2.04727e-10
1711;4.31808e-12
1706;4.85872e-15
1708;3.53232e-11
1713;7.39193e-17
1709;9.82571e-13
1704;1.0949e-11
1707;2.40878e-12
1710;4.29738e-20
1703;8.6605e-12
1705;2.31496e-11
1702;9.08701e-13
1700;6.01039e-15
1701;3.06478e-12
1719;8.51853e-13
1696;4.74592e-12
1695;1.2831e-11
1697;1.6838e-11
1699;9.11578e-13
1691;2.23052e-14
1698;4.66554e-16
1693;1.86429e-15
1688;3.98885e-13
1690;3.81886e-14
1686;2.26644e-14
1689;4.07533e-17
1694;1.8564e-14
1687;1.04281e-14
1685;1.12745e-12
1681;5.23471e-13
1680;1.3632e-12
1684;2.31482e-12
1683;5.68756e-12
1678;1.05674e-11
1682;4.28276e-12
1677;8.23398e-14
1692;1.22177e-16
1676;1.26123e-11
1673;2.74135e-10
1671;9.08105e-10
1674;4.37548e-14
1675;1.92133e-15
1669;1.02522e-09
1679;6.5886e-13
1672;1.62897e-11
1663;2.89481e-11
1662;1.94196e-12
1666;1.5747e-13
1660;1.47836e-11
1670;8.57984e-17
1668;3.10479e-16
1664;7.8455e-15
1659;7.73169e-15
1657;2.71535e-12
1665;1.82142e-14
1655;6.26358e-11
1654;6.95518e-14
1661;1.91146e-10
1650;6.78316e-11
1658;4.31998e-14
1652;2.10904e-10
1653;3.32353e-11
1667;2.78202e-14
1651;3.70452e-13
1648;2.90821e-11
1649;9.42774e-16
1643;1.29616e-10
1647;1.96313e-13
1642;1.86248e-10
1644;1.85024e-10
1656;5.77517e-16
1645;1.43947e-11
1640;5.88322e-12
1638;1.27899e-13
1634;9.53687e-14
1637;1.74901e-13
1633;1.05417e-12
1641;1.61818e-12
1639;4.74698e-15
1636;9.64249e-14
1635;6.01579e-13
1646;1.76621e-16
1630;7.36487e-11
1628;9.11227e-15
1625;1.99198e-16
1631;4.39296e-13
1626;1.57042e-12
1629;1.21084e-11
1632;5.65475e-13
1621;2.79512e-11
1627;4.66157e-14
1624;2.7644e-12
1623;1.56814e-16
1622;3.55352e-12
1619;4.16779e-14
1620;7.53097e-15
1616;4.97817e-14
1614;1.63388e-15
1618;2.50022e-10
1617;1.0904e-10
1613;3.53637e-14
1612;1.21377e-11
1615;5.60644e-15
1610;3.71646e-11
1609;1.48881e-12
1604;3.67034e-11
1607;7.51891e-10
1603;1.47119e-11
1606;3.70974e-12
1608;9.14822e-13
1598;9.22505e-12
1602;1.63214e-10
1611;1.53444e-13
1599;2.15641e-10
1601;1.82321e-13
1595;7.44635e-14
1592;9.44865e-10
1600;1.48272e-10
1596;1.7027e-12
1605;1.02197e-12
1593;7.73369e-11
1591;6.35517e-10
1589;6.01456e-11
1594;2.54084e-15
1585;8.36551e-14
1586;5.31354e-13
1590;1.31371e-12
1588;2.30867e-14
1583;3.28644e-11
1582;3.8124e-12
1584;5.81305e-13
1581;1.34165e-13
1578;1.98532e-12
1580;1.17572e-13
1574;2.66314e-12
1576;6.31387e-12
1575;8.12649e-15
1572;1.52529e-12
1577;6.38225e-12
1571;5.28849e-14
1569;3.08539e-14
1570;2.5496e-12
1587;1.08432e-14
1568;2.52649e-12
1579;6.37273e-14
1565;4.05251e-11
1564;1.75342e-12
1573;1.02515e-16
1566;7.67143e-12
1563;4.57169e-19
1561;1.53883e-09
1567;3.5572e-16
1558;4.54316e-13
1555;3.32517e-13
1559;6.74606e-12
1556;7.8883e-11
1562;3.66048e-15
1554;2.8123e-13
1551;1.03578e-11
1552;2.00535e-14
1560;1.66238e-13
1549;5.3562e-11
1557;5.73349e-15
1548;2.10882e-14
1550;8.11698e-15
1553;5.40353e-18
1546;4.52979e-11
1542;1.58294e-12
1547;2.73219e-13
1544;1.48809e-12
1545;4.56467e-14
1543;8.69412e-11
1540;1.37546e-14
1538;3.1484e-13
1539;2.24128e-13
1537;1.24216e-14
1597;3.09753e-18
1541;5.11118e-09
1533;9.94115e-14
1534;5.34898e-12
1535;1.79263e-17
1528;1.41995e-13
1530;1.83358e-11
1532;1.14203e-14
1531;1.26251e-13
1525;3.18306e-15
1529;5.23035e-15
1536;2.21822e-13
1522;3.40414e-09
1518;1.44344e-10
1524;6.22345e-14
1523;2.17048e-10
1527;1.56597e-16
1526;5.51248e-13
1521;1.60555e-13
1519;2.00735e-14
1515;7.34503e-15
1520;1.44584e-14
1514;1.16745e-12
1516;1.812e-12
1517;9.3219e-16
1513;1.51225e-10
1507;4.76087e-15
1509;1.80155e-10
1506;5.03782e-12
1510;4.74937e-13
1511;6.29526e-15
1505;1.67477e-11
1512;9.43561e-18
1503;5.78909e-12
1501;5.19137e-16
1502;6.29495e-13
1504;3.26088e-17
1498;2.52374e-11
1496;6.20396e-17
1494;9.69677e-15
1508;1.49313e-11
1499;6.23738e-13
1493;8.74327e-13
705;9.3328e-16
706;2.42919e-14
1495;4.11099e-16
1500;4.34979e-19
1497;4.04485e-10
1492;1.28557e-11
704;9.71789e-12
707;1.97317e-16
703;1.03793e-13
700;2.18744e-11
699;7.53133e-11
697;2.98085e-11
698;9.43981e-12
702;1.78868e-12
695;2.21805e-20
691;1.87343e-15
694;5.02108e-14
690;5.31592e-12
689;2.94367e-18
692;5.50122e-13
701;1.22527e-15
687;8.57271e-18
685;1.39895e-14
696;7.88403e-16
693;3.55149e-19
682;1.94875e-11
684;1.94555e-14
688;3.44079e-18
677;5.54277e-13
681;9.00094e-12
683;2.46989e-16
678;3.41199e-12
679;1.66805e-11
672;1.00194e-10
673;5.56412e-15
680;1.00274e-10
674;2.95957e-11
670;4.17015e-12
671;1.3759e-12
686;1.97477e-14
668;1.98977e-12
675;2.86028e-13
669;1.13356e-14
676;1.3868e-12
665;1.89054e-14
666;7.10159e-12
664;3.35153e-13
667;9.65878e-14
663;1.12484e-09
661;1.86642e-10
657;5.98078e-10
659;5.95453e-11
654;1.3336e-17
658;1.65503e-10
660;2.9193e-10
652;1.19078e-14
662;1.44465e-12
653;1.42887e-14
650;1.70202e-09
651;4.17041e-15
655;1.91436e-12
648;1.05553e-13
647;4.28708e-11
646;3.09995e-11
656;1.28272e-10
645;1.30354e-17
642;5.62193e-15
643;2.88368e-10
649;8.56996e-14
639;9.90728e-12
644;5.06606e-13
634;1.13719e-11
637;4.23591e-10
641;3.09182e-13
640;3.14453e-14
635;8.24582e-10
638;8.84081e-10
636;4.78995e-11
629;2.65916e-09
633;6.34725e-14
631;6.39755e-12
632;6.80808e-11
630;9.87094e-13
625;6.54355e-11
628;3.70256e-10
626;1.91523e-10
624;2.60959e-11
623;2.13589e-12
620;4.14012e-10
627;3.55839e-13
622;2.28685e-14
619;4.15133e-11
621;6.78681e-13
615;3.72476e-10
614;5.17368e-09
616;2.1206e-12
612;6.84313e-11
617;1.34862e-10
618;2.14501e-13
611;3.28501e-10
613;1.9002e-10
610;2.14285e-10
608;9.11807e-15
607;5.77236e-10
601;1.22085e-11
602;7.2571e-11
606;2.03206e-10
599;5.44204e-09
604;1.92894e-11
598;8.56199e-11
605;7.93519e-13
595;1.76639e-12
597;2.50192e-12
593;1.63693e-13
603;5.06217e-11
594;4.78654e-14
592;2.55182e-15
591;1.56642e-12
588;2.38828e-12
600;3.93593e-13
596;5.6426e-15
590;1.78119e-11
589;3.35418e-14
583;3.20593e-15
582;3.75178e-13
586;3.18197e-12
585;1.05444e-15
587;2.83952e-13
580;6.11249e-10
584;9.12383e-13
579;4.58225e-13
578;3.18513e-13
581;9.32286e-14
577;1.61907e-11
576;1.82273e-11
573;1.728e-14
609;9.303e-15
575;5.5703e-11
574;4.06169e-11
566;1.58981e-13
572;1.49347e-17
569;2.25529e-12
570;5.37739e-12
567;2.63041e-11
563;1.59831e-11
568;1.24645e-13
562;1.22397e-11
571;2.31152e-14
557;1.12572e-13
558;4.80773e-11
560;1.21407e-13
564;8.01086e-15
559;1.04883e-12
554;1.22835e-15
552;7.37504e-11
553;3.15017e-12
551;7.97434e-12
556;1.32288e-12
555;3.70221e-16
550;4.01909e-11
546;2.80502e-15
545;6.67155e-13
548;2.97239e-11
547;2.94813e-11
561;9.33664e-17
542;1.96555e-13
544;1.63449e-10
541;1.04276e-13
543;2.14738e-12
539;1.08333e-10
536;7.58626e-13
540;2.60904e-11
549;2.80294e-12
537;3.50833e-13
535;1.16715e-12
538;1.16858e-13
532;1.99492e-13
531;9.71144e-11
528;2.59259e-10
529;1.13874e-11
530;3.20974e-10
565;4.09208e-14
533;1.25182e-10
524;2.204e-11
523;2.64164e-14
522;2.65532e-21
525;5.18022e-11
534;2.32349e-10
520;1.215e-12
526;4.72281e-10
515;5.70026e-10
521;3.7067e-11
527;7.90623e-17
516;5.57372e-11
517;4.1502e-12
514;1.97457e-13
513;4.68029e-16
518;1.79544e-13
511;3.49637e-09
510;5.70275e-11
507;5.68853e-10
505;6.37597e-13
506;1.84524e-13
512;2.20843e-10
504;3.9726e-11
509;6.02874e-14
501;1.46206e-11
502;3.94475e-18
500;2.46029e-11
503;1.66998e-12
519;3.0716e-16
508;4.10866e-15
499;1.61615e-14
497;3.35251e-13
495;3.60808e-12
493;2.09973e-13
498;2.46406e-16
494;8.13957e-11
496;4.84894e-13
488;1.55576e-12
486;3.0861e-12
491;1.39364e-13
487;1.35704e-11
489;3.39928e-13
484;7.24247e-19
482;6.4777e-11
481;1.61384e-13
483;1.04149e-12
492;6.7379e-13
479;4.61821e-12
478;4.25331e-11
477;7.45266e-14
475;1.91814e-12
490;6.88493e-14
485;3.62073e-14
480;6.15419e-16
474;8.26574e-14
469;5.91072e-12
472;2.45976e-19
467;2.82942e-09
466;1.38595e-09
476;2.70779e-15
465;1.58538e-10
464;8.13117e-11
473;4.03959e-12
471;3.91499e-17
460;6.20031e-13
462;5.10963e-12
459;8.49495e-14
455;nan
470;9.06625e-15
454;7.18047e-14
468;4.8541e-18
458;2.15134e-12
456;nan
463;9.32426e-19
457;6.21329e-12
451;1.66679e-09
453;9.47207e-14
461;5.32728e-17
452;2.49295e-11
443;nan
448;1.0643e-11
445;1.87395e-10
446;1.19121e-11
449;3.30954e-13
450;3.24145e-15
444;9.8614e-16
447;2.77709e-18
436;4.61178e-16
442;2.05527e-16
438;5.91435e-15
441;4.73888e-16
434;1.17203e-18
430;5.1312e-18
439;6.1497e-17
435;8.27823e-21
432;1.62347e-16
431;2.33297e-16
428;7.97518e-13
429;1.64494e-18
426;5.74008e-14
427;1.14105e-16
433;1.71039e-18
424;1.62219e-11
440;1.66656e-16
422;6.40363e-15
423;4.14472e-15
437;9.73865e-23
425;3.20025e-15
416;7.51323e-13
417;2.10966e-15
418;1.35387e-11
414;2.86123e-14
415;9.55895e-16
421;7.55826e-22
419;1.14087e-15
420;1.47758e-15
412;7.44231e-19
408;2.0247e-15
407;1.37893e-11
413;6.29936e-13
404;2.68498e-17
403;4.54911e-14
405;1.89113e-15
410;4.18445e-15
406;4.01096e-14
401;1.85684e-15
402;1.04063e-19
398;1.51602e-11
395;7.3256e-16
409;4.74011e-17
393;1.53321e-11
396;1.6924e-17
397;2.24012e-14
394;3.30285e-16
389;4.21002e-13
392;4.9631e-13
391;4.84994e-16
400;2.14841e-19
399;1.27281e-19
387;7.50805e-12
390;6.79663e-15
388;2.20728e-13
386;6.41776e-11
383;2.62658e-16
384;8.29228e-12
385;2.67519e-15
382;2.27381e-12
378;1.09108e-09
380;1.12145e-13
381;5.20351e-13
376;7.98244e-15
379;7.20024e-14
411;1.60506e-14
377;2.53364e-12
371;6.69407e-12
375;1.08895e-11
372;1.65932e-12
373;2.54556e-13
370;1.49032e-17
368;3.78941e-15
366;4.90232e-10
367;1.0528e-15
365;1.70161e-17
362;6.74064e-11
374;7.594e-16
359;3.1744e-11
369;7.05164e-11
363;1.33946e-11
361;1.71189e-12
360;1.93581e-14
364;8.87125e-11
358;1.24248e-11
354;3.37277e-11
356;5.71689e-14
353;1.28456e-10
352;1.45891e-12
350;7.59126e-14
357;8.2931e-14
351;1.18548e-10
349;7.39353e-16
347;1.40473e-12
345;6.86633e-16
346;5.74069e-12
344;2.46533e-17
355;7.62947e-14
339;1.79245e-10
341;2.10372e-10
343;7.21759e-12
342;4.42524e-13
348;9.54639e-13
162;1.32996e-11
338;1.32535e-14
340;9.32999e-17
336;6.60544e-13
163;1.5041e-12
165;2.02821e-13
158;3.17758e-22
164;1.77677e-10
337;6.28697e-12
156;1.55239e-12
155;3.58047e-17
157;5.56867e-13
159;2.46528e-15
161;3.90305e-21
151;7.76176e-16
154;1.67125e-13
160;3.82577e-18
148;1.79865e-14
153;4.96118e-13
147;5.86604e-11
145;7.19967e-13
149;3.0956e-13
150;1.47492e-14
144;2.38316e-12
152;8.61331e-14
141;1.55642e-12
146;3.76815e-11
140;2.30318e-11
139;3.66458e-15
137;8.45831e-13
132;7.67673e-14
138;5.85918e-15
133;1.44252e-11
134;8.41399e-12
136;4.96819e-15
143;1.8277e-15
127;6.26797e-14
131;5.70765e-12
135;1.56579e-14
130;9.75884e-15
142;2.73469e-16
129;1.97064e-18
123;6.87811e-15
128;1.08558e-15
126;1.00703e-14
121;2.90289e-12
122;4.88217e-12
124;2.9421e-15
115;1.07205e-09
125;1.20122e-14
119;3.64393e-14
117;1.83342e-12
118;2.1784e-12
111;7.57733e-12
120;1.53516e-13
114;1.41976e-10
116;1.01268e-11
112;2.57521e-11
107;2.02825e-11
110;6.44487e-12
106;3.38717e-13
113;1.85166e-16
108;5.4846e-14
103;3.02768e-13
104;2.57271e-12
109;6.14777e-15
105;1.99607e-13
99;1.17633e-14
98;1.06357e-12
101;4.42367e-11
102;4.84538e-13
100;2.5776e-11
96;5.63686e-15
97;3.50334e-15
92;4.89719e-13
90;8.16491e-17
95;3.14426e-13
88;2.05638e-12
87;8.6575e-16
89;8.43946e-12
94;2.94238e-16
83;2.38506e-12
84;3.14983e-13
93;4.82967e-14
82;1.20497e-12
91;4.53905e-13
80;3.84611e-12
79;2.66581e-11
35;2.35214e-12
85;1.23874e-12
32;6.33765e-13
33;4.32971e-15
29;5.20023e-12
86;2.36739e-17
28;7.6952e-12
31;8.51138e-12
30;1.36047e-16
81;1.22865e-13
27;2.55615e-12
25;5.4068e-11
26;4.95627e-13
34;3.78321e-12
21;2.28602e-12
78;2.78465e-18
24;4.09332e-13
20;2.30358e-11
23;4.97758e-13
17;6.73419e-14
16;3.67163e-14
19;6.80385e-14
4;2.15033e-13
2;1.89693e-11
22;9.83079e-14
3;9.50632e-12
18;1.86461e-11
7;1.2143e-17
8;1.95922e-10
11;8.65599e-14
12;2.75425e-12
5;1.57771e-19
6;6.55851e-15
0;4.05258e-21
1;7.55432e-21
13;3.6904e-13
9;1.89747e-15
36;2.21209e-10
15;1.15359e-14
37;5.07042e-12
14;1.18365e-15
10;4.41126e-13
39;1.28731e-13
41;1.48552e-12
38;2.94875e-10
46;3.5839e-13
40;1.98033e-12
42;5.44864e-12
44;9.56835e-13
47;3.82707e-13
43;3.43186e-15
48;1.82994e-18
49;1.0634e-15
52;5.56679e-13
51;5.14167e-11
45;4.91357e-13
53;8.00077e-16
58;9.62238e-14
59;1.93165e-14
50;2.46287e-10
60;4.86672e-17
61;2.6347e-12
62;3.9239e-16
63;1.7693e-11
55;4.34938e-13
56;1.48373e-17
64;6.29563e-18
69;1.18821e-11
66;2.03485e-12
57;1.57134e-19
67;2.92323e-16
54;3.32054e-16
71;2.90849e-12
68;5.78844e-13
65;2.42022e-19
75;1.24435e-12
77;3.60239e-12
70;1.57085e-16
168;1.72654e-14
167;1.27866e-16
73;1.1504e-12
74;2.65786e-14
166;2.70559e-15
170;5.51302e-13
169;1.75826e-12
173;1.9356e-17
171;2.96128e-13
72;6.01669e-17
172;5.72932e-16
76;1.16973e-15
174;9.86729e-12
175;4.50131e-12
177;2.70524e-09
180;3.97405e-13
176;6.40486e-15
182;5.74149e-13
178;3.89501e-17
186;7.18114e-12
183;1.46256e-14
179;1.78531e-09
187;4.01139e-12
181;8.31408e-11
188;4.33094e-17
189;9.34068e-13
185;1.4838e-15
184;1.05638e-16
192;3.16913e-12
190;5.22316e-12
191;3.15511e-12
196;4.11603e-11
197;1.28892e-11
193;5.40805e-12
198;3.77584e-11
194;3.19012e-15
199;2.77254e-11
203;6.53601e-12
206;2.78989e-12
201;4.23019e-11
204;2.68501e-19
200;7.17779e-12
205;1.02133e-14
195;2.69768e-14
207;4.67757e-13
208;1.39647e-13
210;7.88201e-12
202;5.25598e-14
212;8.10489e-12
211;7.01686e-14
215;4.52043e-17
213;1.33926e-11
216;1.09262e-13
209;1.0811e-14
219;8.92155e-12
217;4.23005e-13
220;9.51808e-11
218;1.89825e-14
223;1.26517e-10
214;3.5859e-15
221;1.99976e-12
222;1.43881e-11
228;3.49512e-13
224;2.96125e-12
231;3.15449e-19
229;1.73142e-11
227;2.67508e-14
226;3.95485e-12
234;8.37164e-13
230;1.92146e-16
232;3.23777e-12
235;2.00941e-11
225;3.53647e-13
237;2.77209e-10
239;7.95898e-12
236;1.19485e-13
241;5.39154e-10
238;3.7095e-10
244;1.37069e-10
245;3.57786e-13
247;4.85554e-12
240;1.66354e-15
242;4.42686e-13
246;2.47707e-11
252;1.18168e-12
248;1.75694e-13
250;2.01775e-14
249;3.01099e-12
233;1.27023e-14
243;1.84421e-15
255;7.63635e-11
254;2.49597e-10
253;5.65055e-13
251;2.38692e-15
259;1.05773e-10
257;6.26007e-16
260;4.59848e-13
256;3.48514e-12
258;2.66608e-13
262;1.3115e-09
265;1.13511e-10
263;2.73625e-12
268;1.9775e-09
264;1.24489e-12
266;6.9692e-10
261;3.4023e-16
267;2.0878e-11
269;7.08184e-13
270;9.53926e-11
272;5.41272e-11
277;1.37849e-13
273;4.16937e-10
276;9.44475e-11
278;3.53399e-11
275;3.97348e-10
279;5.4588e-10
274;1.08982e-10
280;1.08975e-12
284;1.27471e-11
281;8.14733e-14
283;3.23362e-14
282;3.86134e-14
271;5.44105e-12
290;1.61e-09
291;3.16039e-10
293;1.11082e-10
289;7.20592e-14
292;4.1323e-12
296;2.19984e-15
298;4.81522e-14
288;4.98597e-15
287;1.15564e-14
299;1.39204e-13
300;5.21051e-13
297;1.34298e-18
301;6.39992e-15
302;1.94872e-17
303;1.46312e-13
305;8.17131e-15
306;1.44086e-16
307;2.69588e-12
309;1.81349e-13
304;6.46006e-18
310;2.34178e-14
308;1.06121e-14
286;2.21974e-18
311;4.13952e-16
313;9.74746e-13
295;3.34662e-20
285;4.85084e-17
314;4.03177e-17
312;1.01477e-13
294;4.87586e-19
318;1.98461e-15
315;8.78419e-14
320;2.15351e-13
316;3.78337e-12
319;1.09592e-13
325;1.56891e-13
322;1.58846e-12
317;5.75364e-19
323;1.75914e-10
329;2.42534e-09
321;2.04515e-13
327;8.73248e-15
324;7.20222e-13
331;9.66191e-13
330;1.5592e-13
328;7.89547e-12
326;1.34058e-12
333;2.62129e-11
334;2.31014e-11
708;1.24079e-11
332;5.38079e-13
335;4.37347e-14
711;2.16863e-16
709;7.27175e-12
710;4.78011e-17
714;8.48218e-17
712;1.2847e-16
716;5.65359e-18
715;3.02285e-16
718;6.4563e-15
719;8.64927e-13
723;2.13093e-21
720;1.06876e-13
726;1.22725e-15
713;5.26011e-25
721;3.90614e-15
722;3.78993e-18
725;2.35648e-15
728;1.03088e-19
731;3.86885e-14
717;1.05426e-14
732;3.50118e-15
733;7.67187e-12
730;2.16087e-17
724;1.00533e-14
729;5.85622e-18
737;1.46398e-12
738;1.81509e-12
739;2.81431e-12
740;4.25743e-11
727;1.74848e-18
742;9.15404e-22
741;1.47793e-11
736;2.78856e-12
744;3.71737e-15
745;2.25965e-15
748;3.91665e-16
734;1.37316e-15
735;4.31596e-15
749;1.36986e-14
750;3.76202e-15
751;3.80872e-16
743;1.08726e-25
746;1.81341e-17
757;2.07075e-11
753;3.22628e-14
755;2.90921e-13
756;1.06951e-12
758;3.07174e-13
760;1.18593e-11
747;1.49308e-17
759;1.34346e-11
761;8.11163e-11
765;1.05772e-10
754;5.01811e-16
763;3.37443e-13
766;6.46626e-14
768;1.19967e-14
762;3.29695e-12
767;3.37925e-14
769;9.03694e-17
752;6.80939e-19
770;1.24433e-12
772;1.47414e-12
774;7.39285e-14
764;5.60042e-14
771;1.75273e-12
778;6.96054e-14
773;2.51101e-13
777;3.02995e-14
776;1.48868e-13
775;1.0032e-15
781;1.90588e-13
779;1.20829e-15
783;8.51509e-18
785;1.87946e-13
784;1.68053e-17
780;1.91805e-17
788;3.75575e-14
786;7.17915e-12
787;2.86602e-12
791;6.93297e-11
782;4.0136e-18
793;5.94991e-13
795;2.69184e-12
794;3.28096e-12
790;6.73215e-16
789;9.9836e-17
799;1.27704e-11
797;2.63321e-11
801;1.45519e-11
798;5.80457e-14
796;4.69855e-14
800;5.36507e-15
792;3.64576e-13
804;1.15748e-16
806;3.00852e-16
802;2.84954e-11
805;7.0664e-18
809;2.6279e-13
803;2.74791e-12
808;2.40387e-13
807;3.60269e-13
813;5.37305e-20
811;3.50651e-19
816;2.30029e-13
815;3.71624e-16
814;2.87134e-13
812;7.62123e-25
819;2.17721e-16
821;9.60869e-17
817;1.43495e-14
823;3.76269e-12
824;1.37836e-11
810;8.36985e-25
820;2.84379e-19
829;1.75681e-11
827;2.05005e-12
818;5.43602e-14
825;3.23116e-14
826;1.21831e-13
822;5.54807e-18
830;2.54596e-14
833;3.00839e-14
831;1.86972e-16
832;1.73962e-14
839;9.12085e-16
837;2.11423e-20
838;1.44315e-12
828;2.63217e-15
834;1.73334e-13
840;4.76549e-17
835;1.96364e-11
836;1.22561e-15
842;6.78364e-12
843;8.33185e-13
845;4.80528e-13
846;1.15067e-11
844;2.56912e-17
853;nan
847;3.03986e-12
841;1.77909e-13
849;3.42063e-13
850;2.52673e-15
855;2.02912e-12
858;3.15421e-15
848;2.45111e-13
860;1.21391e-15
859;5.73949e-15
861;2.63273e-17
851;1.25555e-17
854;2.99558e-19
852;1.89018e-15
862;6.31767e-11
863;2.60592e-11
865;2.79967e-11
868;2.10829e-11
866;7.97113e-14
867;5.51363e-14
872;1.70385e-13
856;3.06799e-16
864;7.68928e-14
869;4.35617e-13
874;8.21829e-17
870;3.66072e-16
875;1.60397e-17
873;1.09561e-15
876;2.13526e-16
871;1.66409e-18
857;9.76645e-20
879;2.9999e-13
878;1.89584e-15
880;2.20744e-15
882;6.91868e-14
881;7.79192e-16
884;5.18776e-13
883;2.41947e-13
877;3.5739e-14
887;3.2432e-12
891;2.89275e-11
889;2.85203e-14
885;9.55476e-12
892;1.08128e-12
886;6.05735e-15
893;2.33119e-17
894;3.25487e-11
895;8.76936e-14
896;4.05117e-18
900;3.74408e-14
897;4.26831e-15
888;3.48793e-14
899;1.06135e-14
901;1.81654e-16
903;7.62583e-15
890;4.5098e-15
906;4.14486e-14
904;2.5648e-12
898;1.27356e-17
902;1.30011e-19
908;4.04938e-14
905;5.59751e-14
913;1.94937e-14
909;3.71688e-17
912;6.58114e-16
910;9.48247e-14
911;3.00167e-19
907;1.31204e-19
916;2.38459e-13
917;1.75751e-12
918;1.18398e-17
914;2.15357e-14
915;1.05978e-16
922;5.16946e-11
924;8.4814e-13
919;2.43102e-14
920;7.29775e-13
929;7.54109e-12
928;1.21309e-15
932;1.32482e-11
927;3.7701e-14
925;1.44862e-13
931;1.53758e-14
930;3.01226e-15
921;9.7878e-16
938;3.70535e-12
934;1.76083e-16
923;4.58702e-14
936;5.23463e-17
933;9.90913e-18
926;2.59208e-14
935;3.24607e-15
937;4.37313e-16
942;1.06354e-11
941;4.30298e-14
940;3.45158e-14
943;3.05596e-15
949;1.83349e-10
939;6.41394e-17
944;2.92532e-15
946;3.93719e-11
947;4.8874e-12
955;3.27577e-12
945;1.10248e-14
951;2.38922e-12
953;5.22453e-15
956;7.68323e-17
960;2.91822e-13
958;3.49179e-12
957;4.8416e-13
948;9.2544e-17
959;2.79635e-12
962;5.90268e-15
952;3.10882e-14
966;3.50967e-13
961;1.04881e-14
963;7.04066e-22
950;2.41664e-14
967;1.71726e-13
954;6.44992e-18
968;5.15361e-16
973;1.1667e-15
971;2.43488e-15
972;5.82915e-17
964;1.66618e-15
970;2.03282e-14
965;1.41222e-16
969;1.61712e-14
975;7.8544e-12
974;3.50438e-19
979;1.3896e-16
982;4.0404e-13
980;4.36242e-17
981;2.90017e-15
983;1.1504e-11
986;3.73765e-12
976;4.66696e-15
978;1.26601e-16
990;1.39049e-11
987;4.8339e-11
988;9.17228e-13
977;1.69525e-16
985;9.6919e-13
994;3.60861e-13
995;4.11233e-15
984;3.14362e-15
991;1.26984e-13
993;3.36684e-12
996;2.14948e-11
992;4.13817e-11
1001;4.15386e-11
997;5.74671e-10
1000;1.46142e-10
1002;2.35714e-09
989;1.39795e-15
998;7.61072e-19
1004;5.23333e-11
999;5.35237e-11
1005;1.45795e-14
1008;1.08748e-12
1006;3.60096e-11
1003;1.43193e-10
1007;4.91124e-15
1010;2.20455e-15
1009;5.50576e-13
1014;4.221e-14
1012;4.01794e-13
1015;1.31663e-10
1019;1.04074e-09
1018;1.29036e-11
1016;4.16366e-15
1021;3.11356e-11
1013;7.78314e-15
1022;5.60846e-14
1011;2.24398e-14
1020;3.05991e-12
1017;7.86909e-12
1023;2.26739e-12
1027;1.35058e-13
1024;8.72799e-12
1029;9.94512e-14
1025;3.89189e-10
1026;1.08001e-10
1035;2.42387e-17
1028;1.09509e-16
1034;1.17142e-13
1030;1.38299e-16
1036;8.74492e-16
1031;3.36581e-14
1033;8.91748e-17
1040;1.46191e-14
1037;8.12209e-14
1043;2.85951e-16
1039;7.44404e-16
1032;4.17784e-14
1042;8.37758e-15
1045;1.88512e-18
1041;1.07128e-14
1046;2.78704e-11
1038;8.41869e-18
1047;2.76271e-12
1048;1.09525e-12
1044;9.93742e-13
1051;2.52766e-12
1050;2.13225e-15
1049;2.70918e-14
1056;2.28929e-10
1053;2.68041e-12
1054;6.95858e-13
1057;5.59041e-12
1061;1.0658e-12
1055;1.36283e-10
1060;1.97723e-14
1063;5.27273e-16
1052;5.34676e-15
1062;1.52979e-12
1059;1.59268e-11
1058;2.55263e-13
1066;1.1054e-17
1067;4.959e-13
1069;3.97538e-14
1065;1.32359e-12
1071;5.0454e-11
1070;5.85389e-15
1064;5.32268e-14
1068;1.21203e-15
1072;1.85423e-12
1078;1.94779e-11
1074;1.79743e-11
1079;4.13361e-11
1075;5.92898e-12
1073;6.59822e-16
1077;3.58896e-18
1082;1.13013e-11
1080;1.27979e-15
1085;1.05312e-11
1083;7.48574e-13
1084;6.14692e-13
1076;1.33591e-13
1081;4.24088e-15
1087;1.07276e-09
1089;2.988e-14
1088;4.25461e-10
1091;4.56021e-13
1086;9.96041e-12
1090;4.22976e-12
1096;3.08834e-10
1099;3.85596e-09
1093;3.80999e-13
1098;9.7702e-12
1094;9.32554e-12
1095;5.39107e-11
1097;9.05803e-10
1101;3.19353e-12
1092;2.35596e-12
1103;1.61192e-09
1107;5.84919e-10
1104;6.50025e-11
1106;1.08835e-11
1110;1.58709e-13
1102;1.07762e-10
1100;3.92846e-14
1109;8.92775e-12
1111;6.90736e-12
1112;6.02913e-11
1108;2.17266e-10
1115;3.1939e-14
1113;6.50888e-13
1117;7.58259e-13
1105;2.29472e-09
1114;1.7622e-13
1118;9.00013e-16
1121;4.72673e-12
1116;2.50266e-16
1122;2.06646e-12
1119;1.20174e-15
1120;6.8915e-16
1127;5.28152e-13
1125;2.32345e-17
1126;1.47236e-11
1124;9.73123e-17
1128;3.74086e-14
1123;6.66233e-13
1129;1.56219e-14
1130;3.99152e-14
1135;7.76558e-12
1136;7.19681e-13
1131;2.5486e-15
1132;1.45757e-13
1133;3.13711e-12
1134;2.19243e-12
1141;1.05612e-11
1137;1.23694e-18
1138;2.35783e-13
1139;5.9499e-16
1140;5.47885e-15
1144;3.63749e-15
1147;2.55371e-13
1143;7.87495e-12
1142;5.92202e-14
1149;7.40956e-12
1146;5.1588e-11
1145;8.0539e-12
1148;1.8456e-13
1153;4.00403e-10
1152;9.02429e-12
1155;3.50983e-11
1157;6.20306e-15
1151;1.81117e-15
1156;1.12085e-14
1154;7.32873e-11
1158;5.52198e-17
1159;8.1252e-19
1163;2.33648e-13
1160;2.47388e-15
1150;8.73956e-13
1161;3.31998e-12
1166;1.1422e-14
1165;2.46737e-18
1162;3.92215e-14
1167;1.64837e-16
1170;6.93037e-16
1171;7.82145e-11
1168;1.60263e-14
1169;1.49765e-15
1164;3.05893e-17
1175;1.66883e-14
1176;1.83495e-12
1178;1.07869e-10
1181;2.2204e-11
1172;2.08784e-14
1182;6.46943e-12
1173;1.09492e-13
1180;2.19112e-15
1179;2.81446e-12
1185;2.00185e-12
1183;1.92752e-10
1177;1.57033e-14
1186;1.54681e-11
1187;3.74847e-15
1184;4.75859e-10
1193;6.97179e-14
1174;4.72615e-13
1191;1.31496e-13
1189;4.67295e-13
1192;3.97991e-12
1190;6.76322e-15
1188;6.44212e-14
1201;1.39329e-11
1198;6.05558e-14
1195;2.44968e-14
1197;2.01466e-13
1194;4.99787e-15
1202;8.83789e-12
1200;1.22742e-11
1204;1.54644e-12
1205;9.02068e-11
1207;7.112e-14
1208;7.32562e-11
1196;2.76738e-16
1209;3.31831e-11
1203;1.08071e-16
1210;4.27829e-19
1211;6.5083e-11
1206;6.09125e-12
1218;2.51503e-12
1216;5.95676e-10
1213;2.24594e-11
1220;1.70087e-13
1214;2.45799e-14
1199;1.67674e-15
1217;4.34631e-12
1215;1.15386e-14
1224;4.41809e-11
1221;9.19336e-13
1212;1.33243e-18
1219;6.67548e-15
1223;3.68298e-13
1228;7.45156e-13
1225;1.88817e-12
1222;2.75842e-15
1234;2.66458e-12
1226;2.1521e-13
1230;1.34939e-12
1231;2.50294e-14
1232;6.68449e-13
1227;2.2036e-13
1236;6.10445e-21
1235;2.33072e-13
1229;3.79986e-17
1241;1.54664e-17
1233;4.30153e-13
1237;9.23039e-23
1242;8.96483e-19
1243;5.70411e-16
1245;2.18844e-14
1244;2.66936e-13
1247;1.04856e-18
1238;8.27416e-21
1249;1.3865e-13
1250;2.33112e-14
1252;2.42081e-16
1248;9.85699e-16
1239;1.38829e-17
1246;1.65206e-15
1258;3.76801e-11
1240;6.00675e-17
1251;3.25236e-18
1257;1.2803e-16
1256;1.85051e-16
1253;8.37479e-18
1263;5.97861e-13
1254;1.22488e-20
1264;1.07213e-14
1255;4.13941e-17
1266;1.06208e-12
1260;1.3348e-13
1268;4.66279e-18
1269;3.21249e-11
1267;5.63836e-18
1270;2.76426e-10
1273;3.15669e-17
1265;2.36402e-15
1272;1.19507e-15
1277;1.71404e-14
1271;1.30933e-17
1275;1.12181e-18
1261;5.87701e-15
1259;8.37514e-15
1280;2.43488e-18
1274;1.79459e-16
1276;1.18326e-17
1281;1.5786e-10
1285;3.79004e-15
1279;3.0463e-15
1262;1.30269e-10
1278;3.46556e-17
1284;7.92829e-13
1287;1.55432e-14
1288;1.98133e-17
1286;2.77979e-16
1283;3.2687e-13
1282;2.04323e-13
1296;4.50782e-14
1291;3.1594e-12
1295;4.37141e-17
1293;2.10308e-13
1300;9.4499e-16
1294;3.79286e-13
1292;9.37914e-16
1297;2.14661e-12
1290;2.66379e-18
1301;2.03212e-16
1305;1.70914e-16
1303;6.08489e-14
1308;nan
1306;1.37256e-17
1309;4.53269e-14
1310;5.74222e-13
1311;6.07143e-14
1289;2.58796e-19
1298;6.59023e-13
1304;2.00303e-22
1307;5.82693e-16
1299;1.11934e-16
1318;nan
1319;nan
1316;2.95182e-16
1313;1.36598e-19
1302;1.34408e-21
1320;3.63768e-15
1315;8.43173e-11
1321;4.53691e-12
1325;4.97131e-13
1323;5.6524e-14
1327;6.11329e-11
1326;8.38473e-14
1322;1.20587e-14
1324;5.46262e-15
1329;1.52984e-11
1330;2.62694e-15
1314;1.22544e-22
1312;4.94714e-21
1331;1.06394e-12
1328;1.12478e-13
1333;6.00126e-10
1317;2.25772e-22
1335;7.21463e-12
1332;3.06451e-12
1334;1.6395e-12
1341;6.11161e-12
1336;1.26625e-15
1343;2.22819e-13
1342;9.06725e-10
1344;4.66735e-12
1345;5.78128e-11
1347;3.9635e-13
1346;7.55767e-13
1348;1.45157e-13
1352;2.55707e-13
1350;1.27594e-18
1340;2.53055e-16
1349;5.36822e-16
1354;5.27019e-12
1337;2.4125e-17
1353;3.13763e-12
1356;3.06686e-09
1357;8.69981e-15
1339;8.32493e-15
1358;1.62729e-15
1351;2.20636e-19
1359;4.36485e-10
1362;3.07459e-10
1355;1.58214e-13
1360;1.89523e-17
1361;7.21981e-11
1363;4.44213e-10
1364;7.87255e-10
1365;3.38486e-13
1369;5.06242e-12
1366;3.7979e-12
1370;5.51488e-12
1368;1.52883e-11
1367;2.40379e-09
1372;1.26889e-10
1375;1.03122e-14
1371;1.48156e-12
1338;9.5229e-19
1374;2.2912e-11
1381;9.55479e-15
1373;7.27284e-14
1378;5.01401e-23
1376;1.69976e-19
1382;5.92413e-11
1380;2.47685e-18
1384;1.61183e-18
1379;4.78763e-15
1377;3.55312e-24
1387;2.94471e-19
1383;2.38371e-16
1389;3.8944e-16
1385;3.79736e-23
1386;5.37754e-15
1393;8.25772e-16
1391;4.07448e-14
1388;1.05942e-17
1397;1.01422e-19
1396;8.54747e-17
1398;1.33414e-18
1390;1.82406e-14
1394;1.35664e-17
1404;1.62479e-15
1395;3.03497e-19
1392;1.88887e-18
1402;2.08933e-12
1403;6.515e-16
1407;2.52809e-12
1408;1.84404e-13
1405;8.53324e-15
1409;2.00351e-11
1410;3.1469e-11
1399;3.71069e-17
1411;4.08645e-11
1413;4.25533e-11
1414;7.56992e-14
1406;3.15518e-15
1415;3.29054e-11
1412;2.62695e-10
1418;4.89429e-12
1419;5.23227e-10
1416;4.41155e-10
1424;3.31152e-16
1400;1.57697e-17
1417;3.85798e-13
1421;1.13664e-15
1422;1.87255e-14
1425;5.09274e-16
1423;2.75503e-15
1431;nan
1427;2.62411e-11
1429;2.44829e-12
1430;3.50978e-16
1426;4.20394e-11
1428;5.61357e-13
1432;1.30221e-14
1433;3.85683e-11
1434;1.64913e-17
1439;1.04688e-12
1437;8.73158e-15
1436;1.21428e-12
1420;6.00824e-18
1435;2.81485e-15
1438;1.52251e-11
1441;2.79497e-11
1401;6.19018e-16
1442;3.06394e-11
1440;3.83654e-13
1443;1.32101e-09
1446;5.40159e-10
1448;5.11731e-09
1444;1.48694e-11
1445;6.11268e-10
1447;1.26105e-14
1450;5.29388e-11
1449;4.21069e-17
1453;4.39795e-13
1455;9.59192e-12
1451;1.13485e-10
1452;3.43496e-11
1454;4.90395e-11
1462;4.49169e-13
1458;5.45696e-15
1460;4.45132e-15
1463;1.47178e-11
1456;1.51306e-11
1457;8.63428e-11
1465;5.51006e-16
1459;2.83443e-15
1464;9.38582e-13
1461;5.0619e-11
1467;1.45039e-12
1468;1.67817e-13
1470;1.96893e-11
1472;6.31495e-12
1471;6.75465e-16
1469;1.10349e-14
1478;9.76174e-12
1474;9.70096e-15
1475;2.97737e-11
1476;7.09276e-14
1473;1.75302e-12
1479;2.44409e-13
1483;1.09038e-12
1477;3.03902e-15
1466;2.39958e-19
1482;4.39788e-12
1485;4.25975e-14
1481;2.0022e-12
1487;2.16201e-13
1486;1.41262e-12
1480;7.93457e-14
1488;6.147e-22
1484;1.12784e-17
1490;1.15584e-13
1489;3.22938e-14
1491;1.75209e-14
